[
    { 
        "id":1,
      "question": "Which type of javascript is ___",
      "Options": {
        "A": "Object-Oriented",
        "B": "Object-Based",
        "C": "Assembly Language",
        "D": "High-Level"
      },
      "Answer": "B"
    },
    {   
        "id":2,
        "question": "Inside which HTML element do we put the JavaScript?",
        "Options": {
          "A": "JavaScript",
          "B": "scripting",
          "C": "script",
          "D": "html"
        },
        "Answer": "C"
      },
      { 
        "id":3,
        "question": "Who invented JavaScript?",
        "Options": {
          "A": "Douglas Crockford",
          "B": "Sheryl Sandberg",
          "C": "Brendan Eich"
        },
        "Answer": "C"
      },
      { 
        "id":4,
        "question": "How do you write 'Hello World' in an alert box?",
        "Options": {
          "A": "alert('Hello world')",
          "B": "alertbox('Hello world')",
          "C": "message('Hello world')",
          "D": "console.log('Hello world')"
        },
        "Answer": "A"
      }
]